{
	"pattrstorage" : 	{
		"name" : "u583000405",
		"slots" : 		{
			"1" : 			{
				"id" : 1,
				"data" : 				{
					"Gains" : [ 1.0, 0.9, 0.8, 0.7, 0.6, 0.5, 0.4, 0.35, 0.3, 0.25, 0.2, 0.15, 0.1, 0.05 ],
					"Ratio" : [ 1.0, 2.0, 3.0, 4.0, 5.0, 6.0, 7.0, 8.0, 9.0, 10.0, 11.0, 12.0, 13.0, 14.0, 15.0, 16.0 ]
				}

			}
,
			"2" : 			{
				"id" : 2,
				"data" : 				{
					"Gains" : [ 1.0, 0.0, 0.8, 0.0, 0.6, 0.0, 0.4, 0.0, 0.3, 0.0, 0.2, 0.0, 0.1, 0.0 ],
					"Ratio" : [ 1.0, 2.0, 3.0, 4.0, 5.0, 6.0, 7.0, 8.0, 9.0, 10.0, 11.0, 12.0, 13.0, 14.0, 15.0, 16.0 ]
				}

			}
,
			"3" : 			{
				"id" : 3,
				"data" : 				{
					"Gains" : [ 1.0, 0.9, 0.0, 0.7, 0.0, 0.5, 0.0, 0.35, 0.0, 0.25, 0.0, 0.15, 0.0, 0.05 ],
					"Ratio" : [ 1.0, 2.0, 3.0, 4.0, 5.0, 6.0, 7.0, 8.0, 9.0, 10.0, 11.0, 12.0, 13.0, 14.0, 15.0, 16.0 ]
				}

			}
,
			"4" : 			{
				"id" : 4,
				"data" : 				{
					"Gains" : [ 1.0, 0.9, 0.8, 0.7, 0.6, 0.5, 0.4, 0.35, 0.3, 0.25, 0.2, 0.15, 0.1, 0.05 ],
					"Ratio" : [ 1.0, 1.0, 1.5, 2.0, 2.5, 3.0, 3.5, 4.0, 4.5, 5.0, 5.5, 6.0, 6.5, 7.0, 7.5, 8.0 ]
				}

			}
,
			"5" : 			{
				"id" : 5,
				"data" : 				{
					"Gains" : [ 1.0, 0.9, 0.8, 0.7, 0.6, 0.5, 0.4, 0.35, 0.3, 0.25, 0.2, 0.15, 0.1, 0.05 ],
					"Ratio" : [ 1.0, 1.6, 2.4, 3.2, 4.0, 4.8, 5.6, 6.4, 7.2, 8.0, 8.8, 9.6, 10.400001, 11.2, 12.0, 12.8 ]
				}

			}
,
			"6" : 			{
				"id" : 6,
				"data" : 				{
					"Gains" : [ 1.0, 0.72, 0.48, 0.33, 0.25, 0.19, 0.14, 0.09, 0.06, 0.06, 0.03, 0.0, 0.0, 0.0 ],
					"Ratio" : [ 1.0, 1.6, 2.4, 3.2, 4.0, 4.8, 5.6, 6.4, 7.2, 8.0, 8.8, 9.6, 10.400001, 11.2, 12.0, 12.8 ]
				}

			}
,
			"7" : 			{
				"id" : 7,
				"data" : 				{
					"Gains" : [ 1.0, 0.72, 0.48, 0.33, 0.25, 0.19, 0.14, 0.09, 0.06, 0.06, 0.03, 0.0, 0.0, 0.0 ],
					"Ratio" : [ 1.0, 2.8, 3.7, 4.6, 6.25, 7.3, 9.1, 9.55, 8.35, 7.0, 5.5, 5.95, 4.3, 3.55, 2.35, 1.45 ]
				}

			}

		}

	}

}
